<?xml version="1.0" encoding="ISO-8859-1" standalone="yes"?>
<!DOCTYPE modelmakerdiagrams>
<modelmakerdiagrams Format="sfDiagram" Generator="ModelMaker 8 - C# Edition" GenVersion="8.20" ModelID="{62DAADA3-E7DB-477E-A12D-C36A92EF715D}">
	<classdiagram ShapeID="1" DiagramID="1" DiagramName="AffineGapCost" PageFormat="pfA4" PageOrientation="poPortrait">
		<contentsstyle Collapsed="False"/>
		<classsymbol ShapeID="2" InstanceName="abstractAffineGapCost" PresetEditInplace="False" Location="372,96" Extent="172,130">
			<references>
				<codemodelref Options="[sroSelectable,sroFixed,sroFixedType]" EntityType="tyClass" ID="17" NamePath="AbstractAffineGapCost" IsHotLink="True"/>
			</references>
			<classsymbolname ShapeID="3" AdornmentID="Name" Location="0,16" Extent="144,16"/>
		</classsymbol>
		<classsymbol ShapeID="4" InstanceName="AffineGapCost" PresetEditInplace="False" Location="660,96" Extent="150,130">
			<references>
				<codemodelref Options="[sroSelectable,sroFixed,sroFixedType]" EntityType="tyClass" ID="46" NamePath="IAffineGapCost" IsHotLink="True"/>
			</references>
			<classsymbolname ShapeID="5" AdornmentID="Name" Location="0,16" Extent="101,28"/>
		</classsymbol>
		<realizationrelation ShapeID="6" OrthoStyle="osTrue" PresetEditInplace="False" SourceSymbol="2" TargetSymbol="4"/>
		<classsymbol ShapeID="7" InstanceName="affineGapRange1To0Multiplier1Over3" PresetEditInplace="False" Location="188,336" Extent="250,130">
			<references>
				<codemodelref Options="[sroSelectable,sroFixed,sroFixedType]" EntityType="tyClass" ID="435" NamePath="AffineGapRange1To0Multiplier1Over3" IsHotLink="True"/>
			</references>
			<classsymbolname ShapeID="8" AdornmentID="Name" Location="0,16" Extent="222,16"/>
		</classsymbol>
		<generalization ShapeID="9" OrthoStyle="osTrue" PresetEditInplace="False" SourceSymbol="7" TargetSymbol="2">
			<associationname ShapeID="10" AdornmentID="Name"/>
		</generalization>
		<classsymbol ShapeID="11" InstanceName="affineGapRange5To0Multiplier1" PresetEditInplace="False" Location="556,332" Extent="218,130">
			<references>
				<codemodelref Options="[sroSelectable,sroFixed,sroFixedType]" EntityType="tyClass" ID="446" NamePath="AffineGapRange5To0Multiplier1" IsHotLink="True"/>
			</references>
			<classsymbolname ShapeID="12" AdornmentID="Name" Location="0,16" Extent="190,16"/>
		</classsymbol>
		<generalization ShapeID="13" OrthoStyle="osTrue" PresetEditInplace="False" SourceSymbol="11" TargetSymbol="2">
			<associationname ShapeID="14" AdornmentID="Name"/>
		</generalization>
		<classsymbol ShapeID="15" InstanceName="abstractSubstitutionCost" PresetEditInplace="False" Location="356,804" Extent="183,130">
			<references>
				<codemodelref Options="[sroSelectable,sroFixed,sroFixedType]" EntityType="tyClass" ID="37" NamePath="AbstractSubstitutionCost" IsHotLink="True"/>
			</references>
			<classsymbolname ShapeID="16" AdornmentID="Name" Location="0,16" Extent="155,16"/>
		</classsymbol>
		<classsymbol ShapeID="17" InstanceName="subCostRange0To1" PresetEditInplace="False" Location="144,1028" Extent="166,130">
			<references>
				<codemodelref Options="[sroSelectable,sroFixed,sroFixedType]" EntityType="tyClass" ID="457" NamePath="SubCostRange0To1" IsHotLink="True"/>
			</references>
			<classsymbolname ShapeID="18" AdornmentID="Name" Location="0,16" Extent="125,16"/>
		</classsymbol>
		<generalization ShapeID="19" OrthoStyle="osTrue" PresetEditInplace="False" SourceSymbol="17" TargetSymbol="15">
			<associationname ShapeID="20" AdornmentID="Name" Location="0,-12"/>
		</generalization>
		<classsymbol ShapeID="21" InstanceName="subCostRange1ToMinus2" PresetEditInplace="False" Location="356,1028" Extent="187,130">
			<references>
				<codemodelref Options="[sroSelectable,sroFixed,sroFixedType]" EntityType="tyClass" ID="468" NamePath="SubCostRange1ToMinus2" IsHotLink="True"/>
			</references>
			<classsymbolname ShapeID="22" AdornmentID="Name" Location="0,16" Extent="159,16"/>
		</classsymbol>
		<generalization ShapeID="23" OrthoStyle="osTrue" PresetEditInplace="False" SourceSymbol="21" TargetSymbol="15">
			<associationname ShapeID="24" AdornmentID="Name" Location="0,-12"/>
		</generalization>
		<classsymbol ShapeID="25" InstanceName="subCostRange5ToMinus3" PresetEditInplace="False" Location="584,1036" Extent="187,145">
			<references>
				<codemodelref Options="[sroSelectable,sroFixed,sroFixedType]" EntityType="tyClass" ID="479" NamePath="SubCostRange5ToMinus3" IsHotLink="True"/>
			</references>
			<classsymbolname ShapeID="26" AdornmentID="Name" Location="0,16" Extent="159,16"/>
		</classsymbol>
		<generalization ShapeID="27" OrthoStyle="osTrue" PresetEditInplace="False" SourceSymbol="25" TargetSymbol="15">
			<associationname ShapeID="28" AdornmentID="Name" Location="0,-12"/>
		</generalization>
		<classsymbol ShapeID="29" InstanceName="SubstitutionCost" PresetEditInplace="False" Location="636,804" Extent="150,130">
			<references>
				<codemodelref Options="[sroSelectable,sroFixed,sroFixedType]" EntityType="tyClass" ID="64" NamePath="ISubstitutionCost" IsHotLink="True"/>
			</references>
			<classsymbolname ShapeID="30" AdornmentID="Name" Location="0,16" Extent="114,28"/>
		</classsymbol>
		<realizationrelation ShapeID="31" OrthoStyle="osTrue" PresetEditInplace="False" SourceSymbol="15" TargetSymbol="29"/>
	</classdiagram>
	<classdiagram ShapeID="32" DiagramID="4" DiagramName="Edit Distance" PageFormat="pfA4" PageOrientation="poPortrait">
		<classsymbol ShapeID="33" InstanceName="abstractStringMetric" PresetEditInplace="False" Location="648,392" Extent="211,175">
			<references>
				<codemodelref Options="[sroSelectable,sroFixed,sroFixedType]" EntityType="tyClass" ID="26" NamePath="AbstractStringMetric" IsHotLink="True"/>
			</references>
			<classsymbolname ShapeID="34" AdornmentID="Name" Location="0,16" Extent="134,16"/>
		</classsymbol>
		<classsymbol ShapeID="35" InstanceName="levenstein" PresetEditInplace="False" Location="280,540" Extent="211,145">
			<references>
				<codemodelref Options="[sroSelectable,sroFixed,sroFixedType]" EntityType="tyClass" ID="184" NamePath="Levenstein" IsHotLink="True"/>
			</references>
			<classsymbolname ShapeID="36" AdornmentID="Name" Location="0,16" Extent="80,16"/>
		</classsymbol>
		<generalization ShapeID="37" OrthoStyle="osTrue" PresetEditInplace="False" SourceSymbol="35" TargetSymbol="33">
			<associationname ShapeID="38" AdornmentID="Name"/>
		</generalization>
		<classsymbol ShapeID="39" InstanceName="needlemanWunch" PresetEditInplace="False" Location="648,120" Extent="220,220">
			<references>
				<codemodelref Options="[sroSelectable,sroFixed,sroFixedType]" EntityType="tyClass" ID="197" NamePath="NeedlemanWunch" IsHotLink="True"/>
			</references>
			<classsymbolname ShapeID="40" AdornmentID="Name" Location="0,16" Extent="117,16"/>
		</classsymbol>
		<generalization ShapeID="41" OrthoStyle="osTrue" PresetEditInplace="False" SourceSymbol="39" TargetSymbol="33">
			<associationname ShapeID="42" AdornmentID="Name"/>
		</generalization>
		<classsymbol ShapeID="43" InstanceName="smithWaterman" PresetEditInplace="False" Location="124,948" Extent="220,220">
			<references>
				<codemodelref Options="[sroSelectable,sroFixed,sroFixedType]" EntityType="tyClass" ID="552" NamePath="SmithWaterman" IsHotLink="True"/>
			</references>
			<classsymbolname ShapeID="44" AdornmentID="Name" Location="0,16" Extent="106,16"/>
		</classsymbol>
		<generalization ShapeID="45" OrthoStyle="osTrue" PresetEditInplace="False" SourceSymbol="43" TargetSymbol="33">
			<associationname ShapeID="46" AdornmentID="Name"/>
		</generalization>
		<classsymbol ShapeID="47" InstanceName="smithWatermanGotohWindowedAffine" PresetEditInplace="False" Location="648,684" Extent="258,280">
			<references>
				<codemodelref Options="[sroSelectable,sroFixed,sroFixedType]" EntityType="tyClass" ID="242" NamePath="SmithWatermanGotohWindowedAffine" IsHotLink="True"/>
			</references>
			<classsymbolname ShapeID="48" AdornmentID="Name" Location="0,16" Extent="230,16"/>
		</classsymbol>
		<generalization ShapeID="49" OrthoStyle="osTrue" PresetEditInplace="False" SourceSymbol="47" TargetSymbol="33">
			<associationname ShapeID="50" AdornmentID="Name"/>
		</generalization>
		<classsymbol ShapeID="51" InstanceName="smithWatermanGotoh" PresetEditInplace="False" Location="648,1035" Extent="211,175">
			<references>
				<codemodelref Options="[sroSelectable,sroFixed,sroFixedType]" EntityType="tyClass" ID="241" NamePath="SmithWatermanGotoh" IsHotLink="True"/>
			</references>
			<classsymbolname ShapeID="52" AdornmentID="Name" Location="0,16" Extent="139,16"/>
		</classsymbol>
		<generalization ShapeID="53" OrthoStyle="osTrue" PresetEditInplace="False" SourceSymbol="51" TargetSymbol="47">
			<associationname ShapeID="54" AdornmentID="Name"/>
		</generalization>
		<classsymbol ShapeID="55" InstanceName="abstractSubstitutionCost" PresetEditInplace="False" Location="124,120" Extent="183,130">
			<references>
				<codemodelref Options="[sroSelectable,sroFixed,sroFixedType]" EntityType="tyClass" ID="37" NamePath="AbstractSubstitutionCost" IsHotLink="True"/>
			</references>
			<classsymbolname ShapeID="56" AdornmentID="Name" Location="0,16" Extent="155,16"/>
		</classsymbol>
		<fieldassociation ShapeID="57" OrthoStyle="osTrue" PresetEditInplace="False" SourceSymbol="35" TargetSymbol="55">
			<references>
				<codemodelref Options="[sroSelectable,sroFixed,sroFixedType]" EntityType="tyMember" ID="185" NamePath="Levenstein.dCostFunction" MemberName="dCostFunction" IsHotLink="True"/>
			</references>
			<associationname ShapeID="58" AdornmentID="Name" Extent="87,16"/>
		</fieldassociation>
		<propertyassociation ShapeID="59" OrthoStyle="osTrue" PresetEditInplace="False" SourceSymbol="39" TargetSymbol="55">
			<references>
				<codemodelref Options="[sroSelectable,sroFixed,sroFixedType]" EntityType="tyMember" ID="208" NamePath="NeedlemanWunch.DCostFunction" MemberName="DCostFunction" IsHotLink="True"/>
			</references>
			<associationname ShapeID="60" AdornmentID="Name" Location="0,-12" Extent="88,16"/>
			<endpointtext ShapeID="61" AdornmentID="SrcMultiplicity" Location="10,10"/>
			<endpointtext ShapeID="62" AdornmentID="TgtMultiplicity" Location="10,10"/>
		</propertyassociation>
		<propertyassociation ShapeID="63" OrthoStyle="osTrue" PresetEditInplace="False" SourceSymbol="43" TargetSymbol="55">
			<references>
				<codemodelref Options="[sroSelectable,sroFixed,sroFixedType]" EntityType="tyMember" ID="563" NamePath="SmithWaterman.DCostFunction" MemberName="DCostFunction" IsHotLink="True"/>
			</references>
			<associationname ShapeID="64" AdornmentID="Name" Location="-50,-83" Extent="88,16"/>
			<endpointtext ShapeID="65" AdornmentID="SrcMultiplicity" Location="10,10"/>
			<endpointtext ShapeID="66" AdornmentID="TgtMultiplicity" Location="10,10"/>
		</propertyassociation>
		<propertyassociation ShapeID="67" OrthoStyle="osTrue" PresetEditInplace="False" SourceSymbol="47" TargetSymbol="55">
			<references>
				<codemodelref Options="[sroSelectable,sroFixed,sroFixedType]" EntityType="tyMember" ID="270" NamePath="SmithWatermanGotohWindowedAffine.DCostFunction" MemberName="DCostFunction" IsHotLink="True"/>
			</references>
			<associationname ShapeID="68" AdornmentID="Name" Location="-19,-86" Extent="88,16"/>
			<endpointtext ShapeID="69" AdornmentID="SrcMultiplicity" Location="10,10"/>
			<endpointtext ShapeID="70" AdornmentID="TgtMultiplicity" Location="10,10"/>
		</propertyassociation>
	</classdiagram>
	<classdiagram ShapeID="71" DiagramID="5" DiagramName="Jaro and Jaro Winkler" PageFormat="pfA4" PageOrientation="poPortrait">
		<classsymbol ShapeID="72" InstanceName="jaro" PresetEditInplace="False" Location="108,168" Extent="211,130">
			<references>
				<codemodelref Options="[sroSelectable,sroFixed,sroFixedType]" EntityType="tyClass" ID="281" NamePath="Jaro" IsHotLink="True"/>
			</references>
			<classsymbolname ShapeID="73" AdornmentID="Name" Location="0,16" Extent="42,16"/>
		</classsymbol>
		<classsymbol ShapeID="74" InstanceName="jaroWinkler" PresetEditInplace="False" Location="686,168" Extent="211,145">
			<references>
				<codemodelref Options="[sroSelectable,sroFixed,sroFixedType]" EntityType="tyClass" ID="291" NamePath="JaroWinkler" IsHotLink="True"/>
			</references>
			<classsymbolname ShapeID="75" AdornmentID="Name" Location="0,16" Extent="84,16"/>
		</classsymbol>
		<classsymbol ShapeID="76" InstanceName="abstractStringMetric" PresetEditInplace="False" Location="396,168" Extent="211,175">
			<references>
				<codemodelref Options="[sroSelectable,sroFixed,sroFixedType]" EntityType="tyClass" ID="26" NamePath="AbstractStringMetric" IsHotLink="True"/>
			</references>
			<classsymbolname ShapeID="77" AdornmentID="Name" Location="0,16" Extent="134,16"/>
		</classsymbol>
		<generalization ShapeID="78" OrthoStyle="osTrue" PresetEditInplace="False" SourceSymbol="72" TargetSymbol="76">
			<associationname ShapeID="79" AdornmentID="Name"/>
		</generalization>
		<generalization ShapeID="80" OrthoStyle="osTrue" PresetEditInplace="False" SourceSymbol="74" TargetSymbol="76" SourceAnchor="0,36" TargetAnchor="0,36">
			<associationname ShapeID="81" AdornmentID="Name"/>
		</generalization>
	</classdiagram>
	<classdiagram ShapeID="82" DiagramID="6" DiagramName="Length Based" PageFormat="pfA4" PageOrientation="poPortrait">
		<classsymbol ShapeID="83" InstanceName="chapmanLengthDeviation" PresetEditInplace="False" Location="116,80" Extent="211,130">
			<references>
				<codemodelref Options="[sroSelectable,sroFixed,sroFixedType]" EntityType="tyClass" ID="306" NamePath="ChapmanLengthDeviation" IsHotLink="True"/>
			</references>
			<classsymbolname ShapeID="84" AdornmentID="Name" Location="0,16" Extent="159,16"/>
		</classsymbol>
		<classsymbol ShapeID="85" InstanceName="chapmanMeanLength" PresetEditInplace="False" Location="344,80" Extent="211,130">
			<references>
				<codemodelref Options="[sroSelectable,sroFixed,sroFixedType]" EntityType="tyClass" ID="314" NamePath="ChapmanMeanLength" IsHotLink="True"/>
			</references>
			<classsymbolname ShapeID="86" AdornmentID="Name" Location="0,16" Extent="139,16"/>
		</classsymbol>
		<classsymbol ShapeID="87" InstanceName="abstractStringMetric" PresetEditInplace="False" Location="228,292" Extent="211,175">
			<references>
				<codemodelref Options="[sroSelectable,sroFixed,sroFixedType]" EntityType="tyClass" ID="26" NamePath="AbstractStringMetric" IsHotLink="True"/>
			</references>
			<classsymbolname ShapeID="88" AdornmentID="Name" Location="0,16" Extent="134,16"/>
		</classsymbol>
		<generalization ShapeID="89" OrthoStyle="osTrue" PresetEditInplace="False" SourceSymbol="83" TargetSymbol="87">
			<associationname ShapeID="90" AdornmentID="Name"/>
		</generalization>
		<generalization ShapeID="91" OrthoStyle="osTrue" PresetEditInplace="False" SourceSymbol="85" TargetSymbol="87">
			<associationname ShapeID="92" AdornmentID="Name"/>
		</generalization>
	</classdiagram>
	<classdiagram ShapeID="93" DiagramID="9" DiagramName="Overall" PageFormat="pfA4" PageOrientation="poPortrait">
		<contentsstyle ParentStyles="[psMemberVisFilter,psMemberGrouping,psMemberSorting]" Visibility="False" DataType="False" Params="False" Categories="False" EventComp="False" CombineComps="False" EmptyComps="False"/>
		<classsymbol ShapeID="94" InstanceName="abstractAffineGapCost" PresetEditInplace="False" Location="520,1020" Extent="172,32">
			<references>
				<codemodelref Options="[sroSelectable,sroFixed,sroFixedType]" EntityType="tyClass" ID="17" NamePath="AbstractAffineGapCost" IsHotLink="True"/>
			</references>
			<classsymbolname ShapeID="95" AdornmentID="Name" Location="0,16" Extent="144,16"/>
		</classsymbol>
		<classsymbol ShapeID="96" InstanceName="affineGapRange1To0Multiplier1Over3" PresetEditInplace="False" Location="664,1060" Extent="250,32">
			<references>
				<codemodelref Options="[sroSelectable,sroFixed,sroFixedType]" EntityType="tyClass" ID="435" NamePath="AffineGapRange1To0Multiplier1Over3" IsHotLink="True"/>
			</references>
			<classsymbolname ShapeID="97" AdornmentID="Name" Location="0,16" Extent="222,16"/>
		</classsymbol>
		<generalization ShapeID="98" OrthoStyle="osTrue" PresetEditInplace="False" SourceSymbol="96" TargetSymbol="94">
			<associationname ShapeID="99" AdornmentID="Name"/>
		</generalization>
		<classsymbol ShapeID="100" InstanceName="affineGapRange5To0Multiplier1" PresetEditInplace="False" Location="488,1104" Extent="218,32">
			<references>
				<codemodelref Options="[sroSelectable,sroFixed,sroFixedType]" EntityType="tyClass" ID="446" NamePath="AffineGapRange5To0Multiplier1" IsHotLink="True"/>
			</references>
			<classsymbolname ShapeID="101" AdornmentID="Name" Location="0,16" Extent="190,16"/>
		</classsymbol>
		<generalization ShapeID="102" OrthoStyle="osTrue" PresetEditInplace="False" SourceSymbol="100" TargetSymbol="94">
			<associationname ShapeID="103" AdornmentID="Name"/>
		</generalization>
		<classsymbol ShapeID="104" InstanceName="abstractStringMetric" PresetEditInplace="False" Location="396,252" Extent="162,32">
			<references>
				<codemodelref Options="[sroSelectable,sroFixed,sroFixedType]" EntityType="tyClass" ID="26" NamePath="AbstractStringMetric" IsHotLink="True"/>
			</references>
			<classsymbolname ShapeID="105" AdornmentID="Name" Location="0,16" Extent="134,16"/>
		</classsymbol>
		<classsymbol ShapeID="106" InstanceName="blockDistance" PresetEditInplace="False" Location="356,32" Extent="123,32">
			<references>
				<codemodelref Options="[sroSelectable,sroFixed,sroFixedType]" EntityType="tyClass" ID="335" NamePath="BlockDistance" IsHotLink="True"/>
			</references>
			<classsymbolname ShapeID="107" AdornmentID="Name" Location="0,16" Extent="95,16"/>
		</classsymbol>
		<generalization ShapeID="108" OrthoStyle="osTrue" PresetEditInplace="False" SourceSymbol="106" TargetSymbol="104">
			<associationname ShapeID="109" AdornmentID="Name"/>
		</generalization>
		<classsymbol ShapeID="110" InstanceName="chapmanLengthDeviation" PresetEditInplace="False" Location="698,88" Extent="187,32">
			<references>
				<codemodelref Options="[sroSelectable,sroFixed,sroFixedType]" EntityType="tyClass" ID="306" NamePath="ChapmanLengthDeviation" IsHotLink="True"/>
			</references>
			<classsymbolname ShapeID="111" AdornmentID="Name" Location="0,16" Extent="159,16"/>
		</classsymbol>
		<generalization ShapeID="112" OrthoStyle="osTrue" PresetEditInplace="False" SourceSymbol="110" TargetSymbol="104">
			<associationname ShapeID="113" AdornmentID="Name"/>
		</generalization>
		<classsymbol ShapeID="114" InstanceName="chapmanMeanLength" PresetEditInplace="False" Location="708,184" Extent="167,32">
			<references>
				<codemodelref Options="[sroSelectable,sroFixed,sroFixedType]" EntityType="tyClass" ID="314" NamePath="ChapmanMeanLength" IsHotLink="True"/>
			</references>
			<classsymbolname ShapeID="115" AdornmentID="Name" Location="0,16" Extent="139,16"/>
		</classsymbol>
		<generalization ShapeID="116" OrthoStyle="osTrue" PresetEditInplace="False" SourceSymbol="114" TargetSymbol="104">
			<associationname ShapeID="117" AdornmentID="Name"/>
		</generalization>
		<classsymbol ShapeID="118" InstanceName="cosineSimilarity" PresetEditInplace="False" Location="80,348" Extent="136,32">
			<references>
				<codemodelref Options="[sroSelectable,sroFixed,sroFixedType]" EntityType="tyClass" ID="347" NamePath="CosineSimilarity" IsHotLink="True"/>
			</references>
			<classsymbolname ShapeID="119" AdornmentID="Name" Location="0,16" Extent="108,16"/>
		</classsymbol>
		<generalization ShapeID="120" OrthoStyle="osTrue" PresetEditInplace="False" SourceSymbol="118" TargetSymbol="104" SourceAnchor="-68,16" TargetAnchor="-84,16">
			<associationname ShapeID="121" AdornmentID="Name"/>
		</generalization>
		<classsymbol ShapeID="122" InstanceName="diceSimilarity" PresetEditInplace="False" Location="240,140" Extent="120,32">
			<references>
				<codemodelref Options="[sroSelectable,sroFixed,sroFixedType]" EntityType="tyClass" ID="359" NamePath="DiceSimilarity" IsHotLink="True"/>
			</references>
			<classsymbolname ShapeID="123" AdornmentID="Name" Location="0,16" Extent="92,16"/>
		</classsymbol>
		<generalization ShapeID="124" OrthoStyle="osTrue" PresetEditInplace="False" SourceSymbol="122" TargetSymbol="104">
			<associationname ShapeID="125" AdornmentID="Name"/>
		</generalization>
		<classsymbol ShapeID="126" InstanceName="euclideanDistance" PresetEditInplace="False" Location="240,396" Extent="145,32">
			<references>
				<codemodelref Options="[sroSelectable,sroFixed,sroFixedType]" EntityType="tyClass" ID="371" NamePath="EuclideanDistance" IsHotLink="True"/>
			</references>
			<classsymbolname ShapeID="127" AdornmentID="Name" Location="0,16" Extent="117,16"/>
		</classsymbol>
		<generalization ShapeID="128" OrthoStyle="osTrue" PresetEditInplace="False" SourceSymbol="126" TargetSymbol="104">
			<associationname ShapeID="129" AdornmentID="Name"/>
		</generalization>
		<classsymbol ShapeID="130" InstanceName="jaccardSimilarity" PresetEditInplace="False" Location="256,76" Extent="139,32">
			<references>
				<codemodelref Options="[sroSelectable,sroFixed,sroFixedType]" EntityType="tyClass" ID="384" NamePath="JaccardSimilarity" IsHotLink="True"/>
			</references>
			<classsymbolname ShapeID="131" AdornmentID="Name" Location="0,16" Extent="111,16"/>
		</classsymbol>
		<generalization ShapeID="132" OrthoStyle="osTrue" PresetEditInplace="False" SourceSymbol="130" TargetSymbol="104">
			<associationname ShapeID="133" AdornmentID="Name"/>
		</generalization>
		<classsymbol ShapeID="134" InstanceName="jaro" PresetEditInplace="False" Location="744,252" Extent="96,32">
			<references>
				<codemodelref Options="[sroSelectable,sroFixed,sroFixedType]" EntityType="tyClass" ID="281" NamePath="Jaro" IsHotLink="True"/>
			</references>
			<classsymbolname ShapeID="135" AdornmentID="Name" Location="0,16" Extent="42,16"/>
		</classsymbol>
		<generalization ShapeID="136" OrthoStyle="osTrue" PresetEditInplace="False" SourceSymbol="134" TargetSymbol="104">
			<associationname ShapeID="137" AdornmentID="Name"/>
		</generalization>
		<classsymbol ShapeID="138" InstanceName="jaroWinkler" PresetEditInplace="False" Location="724,356" Extent="112,32">
			<references>
				<codemodelref Options="[sroSelectable,sroFixed,sroFixedType]" EntityType="tyClass" ID="291" NamePath="JaroWinkler" IsHotLink="True"/>
			</references>
			<classsymbolname ShapeID="139" AdornmentID="Name" Location="0,16" Extent="84,16"/>
		</classsymbol>
		<generalization ShapeID="140" OrthoStyle="osTrue" PresetEditInplace="False" SourceSymbol="138" TargetSymbol="104" SourceAnchor="28,0" TargetAnchor="28,0">
			<associationname ShapeID="141" AdornmentID="Name"/>
		</generalization>
		<classsymbol ShapeID="142" InstanceName="levenstein" PresetEditInplace="False" Location="568,424" Extent="108,32">
			<references>
				<codemodelref Options="[sroSelectable,sroFixed,sroFixedType]" EntityType="tyClass" ID="184" NamePath="Levenstein" IsHotLink="True"/>
			</references>
			<classsymbolname ShapeID="143" AdornmentID="Name" Location="0,16" Extent="80,16"/>
		</classsymbol>
		<generalization ShapeID="144" OrthoStyle="osTrue" PresetEditInplace="False" SourceSymbol="142" TargetSymbol="104">
			<associationname ShapeID="145" AdornmentID="Name"/>
		</generalization>
		<classsymbol ShapeID="146" InstanceName="matchingCoefficient" PresetEditInplace="False" Location="84,160" Extent="156,32">
			<references>
				<codemodelref Options="[sroSelectable,sroFixed,sroFixedType]" EntityType="tyClass" ID="396" NamePath="MatchingCoefficient" IsHotLink="True"/>
			</references>
			<classsymbolname ShapeID="147" AdornmentID="Name" Location="0,16" Extent="128,16"/>
		</classsymbol>
		<generalization ShapeID="148" OrthoStyle="osTrue" PresetEditInplace="False" SourceSymbol="146" TargetSymbol="104">
			<associationname ShapeID="149" AdornmentID="Name"/>
		</generalization>
		<classsymbol ShapeID="150" InstanceName="mongeElkan" PresetEditInplace="False" Location="320,544" Extent="113,32">
			<references>
				<codemodelref Options="[sroSelectable,sroFixed,sroFixedType]" EntityType="tyClass" ID="408" NamePath="MongeElkan" IsHotLink="True"/>
			</references>
			<classsymbolname ShapeID="151" AdornmentID="Name" Location="0,16" Extent="85,16"/>
		</classsymbol>
		<generalization ShapeID="152" OrthoStyle="osTrue" PresetEditInplace="False" SourceSymbol="150" TargetSymbol="104" SourceAnchor="28,0" TargetAnchor="28,0">
			<associationname ShapeID="153" AdornmentID="Name"/>
		</generalization>
		<fieldassociation ShapeID="154" OrthoStyle="osTrue" PresetEditInplace="False" SourceSymbol="150" TargetSymbol="104" SourceAnchor="-28,0" TargetAnchor="-28,0">
			<references>
				<codemodelref Options="[sroSelectable,sroFixed,sroFixedType]" EntityType="tyMember" ID="411" NamePath="MongeElkan.internalStringMetric" MemberName="internalStringMetric" IsHotLink="True"/>
			</references>
			<associationname ShapeID="155" AdornmentID="Name" Extent="110,16"/>
		</fieldassociation>
		<classsymbol ShapeID="156" InstanceName="needlemanWunch" PresetEditInplace="False" Location="718,432" Extent="145,32">
			<references>
				<codemodelref Options="[sroSelectable,sroFixed,sroFixedType]" EntityType="tyClass" ID="197" NamePath="NeedlemanWunch" IsHotLink="True"/>
			</references>
			<classsymbolname ShapeID="157" AdornmentID="Name" Location="0,16" Extent="117,16"/>
		</classsymbol>
		<generalization ShapeID="158" OrthoStyle="osTrue" PresetEditInplace="False" SourceSymbol="156" TargetSymbol="104">
			<associationname ShapeID="159" AdornmentID="Name"/>
		</generalization>
		<classsymbol ShapeID="160" InstanceName="overlapCoefficient" PresetEditInplace="False" Location="384,752" Extent="148,32">
			<references>
				<codemodelref Options="[sroSelectable,sroFixed,sroFixedType]" EntityType="tyClass" ID="423" NamePath="OverlapCoefficient" IsHotLink="True"/>
			</references>
			<classsymbolname ShapeID="161" AdornmentID="Name" Location="0,16" Extent="120,16"/>
		</classsymbol>
		<generalization ShapeID="162" OrthoStyle="osTrue" PresetEditInplace="False" SourceSymbol="160" TargetSymbol="104">
			<associationname ShapeID="163" AdornmentID="Name"/>
		</generalization>
		<classsymbol ShapeID="164" InstanceName="qGramsDistance" PresetEditInplace="False" Location="144,40" Extent="138,32">
			<references>
				<codemodelref Options="[sroSelectable,sroFixed,sroFixedType]" EntityType="tyClass" ID="323" NamePath="QGramsDistance" IsHotLink="True"/>
			</references>
			<classsymbolname ShapeID="165" AdornmentID="Name" Location="0,16" Extent="110,16"/>
		</classsymbol>
		<generalization ShapeID="166" OrthoStyle="osTrue" PresetEditInplace="False" SourceSymbol="164" TargetSymbol="104">
			<associationname ShapeID="167" AdornmentID="Name"/>
		</generalization>
		<classsymbol ShapeID="168" InstanceName="smithWaterman" PresetEditInplace="False" Location="464,384" Extent="134,32">
			<references>
				<codemodelref Options="[sroSelectable,sroFixed,sroFixedType]" EntityType="tyClass" ID="552" NamePath="SmithWaterman" IsHotLink="True"/>
			</references>
			<classsymbolname ShapeID="169" AdornmentID="Name" Location="0,16" Extent="106,16"/>
		</classsymbol>
		<generalization ShapeID="170" OrthoStyle="osTrue" PresetEditInplace="False" SourceSymbol="168" TargetSymbol="104">
			<associationname ShapeID="171" AdornmentID="Name"/>
		</generalization>
		<classsymbol ShapeID="172" InstanceName="smithWatermanGotoh" PresetEditInplace="False" Location="368,972" Extent="167,32">
			<references>
				<codemodelref Options="[sroSelectable,sroFixed,sroFixedType]" EntityType="tyClass" ID="241" NamePath="SmithWatermanGotoh" IsHotLink="True"/>
			</references>
			<classsymbolname ShapeID="173" AdornmentID="Name" Location="0,16" Extent="139,16"/>
		</classsymbol>
		<classsymbol ShapeID="174" InstanceName="smithWatermanGotohWindowedAffine" PresetEditInplace="False" Location="564,904" Extent="258,32">
			<references>
				<codemodelref Options="[sroSelectable,sroFixed,sroFixedType]" EntityType="tyClass" ID="242" NamePath="SmithWatermanGotohWindowedAffine" IsHotLink="True"/>
			</references>
			<classsymbolname ShapeID="175" AdornmentID="Name" Location="0,16" Extent="230,16"/>
		</classsymbol>
		<propertyassociation ShapeID="176" OrthoStyle="osTrue" PresetEditInplace="False" SourceSymbol="174" TargetSymbol="94">
			<references>
				<codemodelref Options="[sroSelectable,sroFixed,sroFixedType]" EntityType="tyMember" ID="273" NamePath="SmithWatermanGotohWindowedAffine.GGapFunction" MemberName="GGapFunction" IsHotLink="True"/>
			</references>
			<associationname ShapeID="177" AdornmentID="Name" Extent="87,16"/>
			<endpointtext ShapeID="178" AdornmentID="SrcMultiplicity" Location="5,9" Extent="6,14"/>
			<endpointtext ShapeID="179" AdornmentID="TgtMultiplicity" Location="-4,-9" Extent="4,14"/>
		</propertyassociation>
		<generalization ShapeID="180" OrthoStyle="osTrue" PresetEditInplace="False" SourceSymbol="174" TargetSymbol="104">
			<associationname ShapeID="181" AdornmentID="Name"/>
		</generalization>
		<generalization ShapeID="182" OrthoStyle="osTrue" PresetEditInplace="False" SourceSymbol="172" TargetSymbol="174">
			<associationname ShapeID="183" AdornmentID="Name"/>
		</generalization>
		<classsymbol ShapeID="184" InstanceName="abstractSubstitutionCost" PresetEditInplace="False" Location="588,568" Extent="183,32">
			<references>
				<codemodelref Options="[sroSelectable,sroFixed,sroFixedType]" EntityType="tyClass" ID="37" NamePath="AbstractSubstitutionCost" IsHotLink="True"/>
			</references>
			<classsymbolname ShapeID="185" AdornmentID="Name" Location="0,16" Extent="155,16"/>
		</classsymbol>
		<fieldassociation ShapeID="186" OrthoStyle="osTrue" PresetEditInplace="False" SourceSymbol="142" TargetSymbol="184">
			<references>
				<codemodelref Options="[sroSelectable,sroFixed,sroFixedType]" EntityType="tyMember" ID="185" NamePath="Levenstein.dCostFunction" MemberName="dCostFunction" IsHotLink="True"/>
			</references>
			<associationname ShapeID="187" AdornmentID="Name" Extent="87,16"/>
		</fieldassociation>
		<propertyassociation ShapeID="188" OrthoStyle="osTrue" PresetEditInplace="False" SourceSymbol="156" TargetSymbol="184">
			<references>
				<codemodelref Options="[sroSelectable,sroFixed,sroFixedType]" EntityType="tyMember" ID="208" NamePath="NeedlemanWunch.DCostFunction" MemberName="DCostFunction" IsHotLink="True"/>
			</references>
			<associationname ShapeID="189" AdornmentID="Name" Extent="88,16"/>
			<endpointtext ShapeID="190" AdornmentID="SrcMultiplicity" Location="-5,9" Extent="6,14"/>
			<endpointtext ShapeID="191" AdornmentID="TgtMultiplicity" Location="4,-9" Extent="4,14"/>
		</propertyassociation>
		<propertyassociation ShapeID="192" OrthoStyle="osTrue" PresetEditInplace="False" SourceSymbol="168" TargetSymbol="184">
			<references>
				<codemodelref Options="[sroSelectable,sroFixed,sroFixedType]" EntityType="tyMember" ID="563" NamePath="SmithWaterman.DCostFunction" MemberName="DCostFunction" IsHotLink="True"/>
			</references>
			<associationname ShapeID="193" AdornmentID="Name" Extent="88,16"/>
			<endpointtext ShapeID="194" AdornmentID="SrcMultiplicity" Location="5,9" Extent="6,14"/>
			<endpointtext ShapeID="195" AdornmentID="TgtMultiplicity" Location="-4,-9" Extent="4,14"/>
		</propertyassociation>
		<propertyassociation ShapeID="196" OrthoStyle="osTrue" PresetEditInplace="False" SourceSymbol="174" TargetSymbol="184">
			<references>
				<codemodelref Options="[sroSelectable,sroFixed,sroFixedType]" EntityType="tyMember" ID="270" NamePath="SmithWatermanGotohWindowedAffine.DCostFunction" MemberName="DCostFunction" IsHotLink="True"/>
			</references>
			<associationname ShapeID="197" AdornmentID="Name" Extent="88,16"/>
			<endpointtext ShapeID="198" AdornmentID="SrcMultiplicity" Location="5,-9" Extent="6,14"/>
			<endpointtext ShapeID="199" AdornmentID="TgtMultiplicity" Location="-4,9" Extent="4,14"/>
		</propertyassociation>
		<classsymbol ShapeID="200" InstanceName="subCostRange0To1" PresetEditInplace="False" Location="708,856" Extent="153,32">
			<references>
				<codemodelref Options="[sroSelectable,sroFixed,sroFixedType]" EntityType="tyClass" ID="457" NamePath="SubCostRange0To1" IsHotLink="True"/>
			</references>
			<classsymbolname ShapeID="201" AdornmentID="Name" Location="0,16" Extent="125,16"/>
		</classsymbol>
		<generalization ShapeID="202" OrthoStyle="osTrue" PresetEditInplace="False" SourceSymbol="200" TargetSymbol="184">
			<associationname ShapeID="203" AdornmentID="Name"/>
		</generalization>
		<classsymbol ShapeID="204" InstanceName="subCostRange1ToMinus2" PresetEditInplace="False" Location="696,780" Extent="187,32">
			<references>
				<codemodelref Options="[sroSelectable,sroFixed,sroFixedType]" EntityType="tyClass" ID="468" NamePath="SubCostRange1ToMinus2" IsHotLink="True"/>
			</references>
			<classsymbolname ShapeID="205" AdornmentID="Name" Location="0,16" Extent="159,16"/>
		</classsymbol>
		<generalization ShapeID="206" OrthoStyle="osTrue" PresetEditInplace="False" SourceSymbol="204" TargetSymbol="184">
			<associationname ShapeID="207" AdornmentID="Name"/>
		</generalization>
		<classsymbol ShapeID="208" InstanceName="subCostRange5ToMinus3" PresetEditInplace="False" Location="698,696" Extent="187,32">
			<references>
				<codemodelref Options="[sroSelectable,sroFixed,sroFixedType]" EntityType="tyClass" ID="479" NamePath="SubCostRange5ToMinus3" IsHotLink="True"/>
			</references>
			<classsymbolname ShapeID="209" AdornmentID="Name" Location="0,16" Extent="159,16"/>
		</classsymbol>
		<generalization ShapeID="210" OrthoStyle="osTrue" PresetEditInplace="False" SourceSymbol="208" TargetSymbol="184">
			<associationname ShapeID="211" AdornmentID="Name"/>
		</generalization>
		<classsymbol ShapeID="212" InstanceName="dummyStopTermHandler" PresetEditInplace="False" Location="116,632" Extent="185,32">
			<references>
				<codemodelref Options="[sroSelectable,sroFixed,sroFixedType]" EntityType="tyClass" ID="542" NamePath="DummyStopTermHandler" IsHotLink="True"/>
			</references>
			<classsymbolname ShapeID="213" AdornmentID="Name" Location="0,16" Extent="157,16"/>
		</classsymbol>
		<classsymbol ShapeID="214" InstanceName="tokeniserQGram3Extended" PresetEditInplace="False" Location="272,904" Extent="198,32">
			<references>
				<codemodelref Options="[sroSelectable,sroFixed,sroFixedType]" EntityType="tyClass" ID="513" NamePath="TokeniserQGram3Extended" IsHotLink="True"/>
			</references>
			<classsymbolname ShapeID="215" AdornmentID="Name" Location="0,16" Extent="170,16"/>
		</classsymbol>
		<classsymbol ShapeID="216" InstanceName="StringMetric" PresetEditInplace="False" Location="468,132" Extent="15,15">
			<references>
				<codemodelref Options="[sroSelectable,sroFixed,sroFixedType]" EntityType="tyClass" ID="55" NamePath="IStringMetric" IsHotLink="True"/>
			</references>
			<classsymbolname ShapeID="217" AdornmentID="Name" Location="0,-23" Extent="89,28"/>
		</classsymbol>
		<realizationrelation ShapeID="218" OrthoStyle="osTrue" PresetEditInplace="False" SourceSymbol="104" TargetSymbol="216"/>
		<classsymbol ShapeID="219" InstanceName="SubstitutionCost" PresetEditInplace="False" Location="752,640" Extent="15,15">
			<references>
				<codemodelref Options="[sroSelectable,sroFixed,sroFixedType]" EntityType="tyClass" ID="64" NamePath="ISubstitutionCost" IsHotLink="True"/>
			</references>
			<classsymbolname ShapeID="220" AdornmentID="Name" Location="9,-23" Extent="114,28"/>
		</classsymbol>
		<realizationrelation ShapeID="221" OrthoStyle="osTrue" PresetEditInplace="False" SourceSymbol="184" TargetSymbol="219"/>
		<classsymbol ShapeID="222" InstanceName="TermHandler" PresetEditInplace="False" Location="152,572" Extent="15,15">
			<references>
				<codemodelref Options="[sroSelectable,sroFixed,sroFixedType]" EntityType="tyClass" ID="73" NamePath="ITermHandler" IsHotLink="True"/>
			</references>
			<classsymbolname ShapeID="223" AdornmentID="Name" Location="0,-23" Extent="93,28"/>
		</classsymbol>
		<realizationrelation ShapeID="224" OrthoStyle="osTrue" PresetEditInplace="False" SourceSymbol="212" TargetSymbol="222"/>
		<classsymbol ShapeID="225" InstanceName="Tokeniser" PresetEditInplace="False" Location="156,280" Extent="15,15">
			<references>
				<codemodelref Options="[sroSelectable,sroFixed,sroFixedType]" EntityType="tyClass" ID="84" NamePath="ITokeniser" IsHotLink="True"/>
			</references>
			<classsymbolname ShapeID="226" AdornmentID="Name" Location="0,-23" Extent="78,28"/>
		</classsymbol>
		<fieldassociation ShapeID="227" OrthoStyle="osTrue" PresetEditInplace="False" SourceSymbol="106" TargetSymbol="225">
			<references>
				<codemodelref Options="[sroSelectable,sroFixed,sroFixedType]" EntityType="tyMember" ID="337" NamePath="BlockDistance.tokeniser" MemberName="tokeniser" IsHotLink="True"/>
			</references>
			<associationname ShapeID="228" AdornmentID="Name" Extent="62,16"/>
		</fieldassociation>
		<fieldassociation ShapeID="229" OrthoStyle="osTrue" PresetEditInplace="False" SourceSymbol="118" TargetSymbol="225">
			<references>
				<codemodelref Options="[sroSelectable,sroFixed,sroFixedType]" EntityType="tyMember" ID="349" NamePath="CosineSimilarity.tokeniser" MemberName="tokeniser" IsHotLink="True"/>
			</references>
			<associationname ShapeID="230" AdornmentID="Name" Extent="62,16"/>
		</fieldassociation>
		<fieldassociation ShapeID="231" OrthoStyle="osTrue" PresetEditInplace="False" SourceSymbol="122" TargetSymbol="225">
			<references>
				<codemodelref Options="[sroSelectable,sroFixed,sroFixedType]" EntityType="tyMember" ID="361" NamePath="DiceSimilarity.tokeniser" MemberName="tokeniser" IsHotLink="True"/>
			</references>
			<associationname ShapeID="232" AdornmentID="Name" Extent="62,16"/>
		</fieldassociation>
		<fieldassociation ShapeID="233" OrthoStyle="osTrue" PresetEditInplace="False" SourceSymbol="126" TargetSymbol="225">
			<references>
				<codemodelref Options="[sroSelectable,sroFixed,sroFixedType]" EntityType="tyMember" ID="373" NamePath="EuclideanDistance.tokeniser" MemberName="tokeniser" IsHotLink="True"/>
			</references>
			<associationname ShapeID="234" AdornmentID="Name" Extent="62,16"/>
		</fieldassociation>
		<fieldassociation ShapeID="235" OrthoStyle="osTrue" PresetEditInplace="False" SourceSymbol="130" TargetSymbol="225">
			<references>
				<codemodelref Options="[sroSelectable,sroFixed,sroFixedType]" EntityType="tyMember" ID="386" NamePath="JaccardSimilarity.tokeniser" MemberName="tokeniser" IsHotLink="True"/>
			</references>
			<associationname ShapeID="236" AdornmentID="Name" Extent="62,16"/>
		</fieldassociation>
		<fieldassociation ShapeID="237" OrthoStyle="osTrue" PresetEditInplace="False" SourceSymbol="146" TargetSymbol="225">
			<references>
				<codemodelref Options="[sroSelectable,sroFixed,sroFixedType]" EntityType="tyMember" ID="398" NamePath="MatchingCoefficient.tokeniser" MemberName="tokeniser" IsHotLink="True"/>
			</references>
			<associationname ShapeID="238" AdornmentID="Name" Extent="62,16"/>
		</fieldassociation>
		<fieldassociation ShapeID="239" OrthoStyle="osTrue" PresetEditInplace="False" SourceSymbol="150" TargetSymbol="225">
			<references>
				<codemodelref Options="[sroSelectable,sroFixed,sroFixedType]" EntityType="tyMember" ID="409" NamePath="MongeElkan.tokeniser" MemberName="tokeniser" IsHotLink="True"/>
			</references>
			<associationname ShapeID="240" AdornmentID="Name" Extent="62,16"/>
		</fieldassociation>
		<fieldassociation ShapeID="241" OrthoStyle="osTrue" PresetEditInplace="False" SourceSymbol="160" TargetSymbol="225">
			<references>
				<codemodelref Options="[sroSelectable,sroFixed,sroFixedType]" EntityType="tyMember" ID="425" NamePath="OverlapCoefficient.tokeniser" MemberName="tokeniser" IsHotLink="True"/>
			</references>
			<associationname ShapeID="242" AdornmentID="Name" Extent="62,16"/>
		</fieldassociation>
		<fieldassociation ShapeID="243" OrthoStyle="osTrue" PresetEditInplace="False" SourceSymbol="164" TargetSymbol="225">
			<references>
				<codemodelref Options="[sroSelectable,sroFixed,sroFixedType]" EntityType="tyMember" ID="325" NamePath="QGramsDistance.tokeniser" MemberName="tokeniser" IsHotLink="True"/>
			</references>
			<associationname ShapeID="244" AdornmentID="Name" Extent="62,16"/>
		</fieldassociation>
		<classsymbol ShapeID="245" InstanceName="tokeniserWhitespace" PresetEditInplace="False" Location="104,472" Extent="167,32">
			<references>
				<codemodelref Options="[sroSelectable,sroFixed,sroFixedType]" EntityType="tyClass" ID="528" NamePath="TokeniserWhitespace" IsHotLink="True"/>
			</references>
			<classsymbolname ShapeID="246" AdornmentID="Name" Location="0,16" Extent="139,16"/>
		</classsymbol>
		<propertyassociation ShapeID="247" OrthoStyle="osTrue" PresetEditInplace="False" SourceSymbol="245" TargetSymbol="222">
			<references>
				<codemodelref Options="[sroSelectable,sroFixed,sroFixedType]" EntityType="tyMember" ID="538" NamePath="TokeniserWhitespace.StopWordHandler" MemberName="StopWordHandler" IsHotLink="True"/>
			</references>
			<associationname ShapeID="248" AdornmentID="Name" Location="0,-12" Extent="103,16"/>
			<endpointtext ShapeID="249" AdornmentID="SrcMultiplicity" Location="-5,9" Extent="6,14"/>
			<endpointtext ShapeID="250" AdornmentID="TgtMultiplicity" Location="4,-9" Extent="4,14"/>
		</propertyassociation>
		<realizationrelation ShapeID="251" OrthoStyle="osTrue" PresetEditInplace="False" SourceSymbol="245" TargetSymbol="225"/>
		<classsymbol ShapeID="252" InstanceName="tokeniserQGram3" PresetEditInplace="False" Location="96,804" Extent="147,32">
			<references>
				<codemodelref Options="[sroSelectable,sroFixed,sroFixedType]" EntityType="tyClass" ID="500" NamePath="TokeniserQGram3" IsHotLink="True"/>
			</references>
			<classsymbolname ShapeID="253" AdornmentID="Name" Location="0,16" Extent="119,16"/>
		</classsymbol>
		<generalization ShapeID="254" OrthoStyle="osTrue" PresetEditInplace="False" SourceSymbol="214" TargetSymbol="252">
			<associationname ShapeID="255" AdornmentID="Name" Location="0,-12"/>
		</generalization>
		<classsymbol ShapeID="256" InstanceName="abstractTokeniserQGramN" PresetEditInplace="False" Location="116,704" Extent="195,32">
			<references>
				<codemodelref Options="[sroSelectable,sroFixed,sroFixedType]" EntityType="tyClass" ID="636" NamePath="AbstractTokeniserQGramN" IsHotLink="True"/>
			</references>
			<classsymbolname ShapeID="257" AdornmentID="Name" Location="0,16" Extent="167,16"/>
		</classsymbol>
		<generalization ShapeID="258" OrthoStyle="osTrue" PresetEditInplace="False" SourceSymbol="252" TargetSymbol="256">
			<associationname ShapeID="259" AdornmentID="Name" Location="0,-12"/>
		</generalization>
		<classsymbol ShapeID="260" InstanceName="tokeniserSGram3Extended" PresetEditInplace="False" Location="244,1028" Extent="197,32">
			<references>
				<codemodelref Options="[sroSelectable,sroFixed,sroFixedType]" EntityType="tyClass" ID="690" NamePath="TokeniserSGram3Extended" IsHotLink="True"/>
			</references>
			<classsymbolname ShapeID="261" AdornmentID="Name" Location="0,16" Extent="169,16"/>
		</classsymbol>
		<generalization ShapeID="262" OrthoStyle="osTrue" PresetEditInplace="False" SourceSymbol="260" TargetSymbol="214">
			<associationname ShapeID="263" AdornmentID="Name" Location="0,-12"/>
		</generalization>
		<classsymbol ShapeID="264" InstanceName="tokeniserSGram3" PresetEditInplace="False" Location="84,900" Extent="146,32">
			<references>
				<codemodelref Options="[sroSelectable,sroFixed,sroFixedType]" EntityType="tyClass" ID="684" NamePath="TokeniserSGram3" IsHotLink="True"/>
			</references>
			<classsymbolname ShapeID="265" AdornmentID="Name" Location="0,16" Extent="118,16"/>
		</classsymbol>
		<generalization ShapeID="266" OrthoStyle="osTrue" PresetEditInplace="False" SourceSymbol="264" TargetSymbol="252">
			<associationname ShapeID="267" AdornmentID="Name" Location="0,-12"/>
		</generalization>
		<classsymbol ShapeID="268" InstanceName="tokeniserQGram2" PresetEditInplace="False" Location="268,796" Extent="147,32">
			<references>
				<codemodelref Options="[sroSelectable,sroFixed,sroFixedType]" EntityType="tyClass" ID="671" NamePath="TokeniserQGram2" IsHotLink="True"/>
			</references>
			<classsymbolname ShapeID="269" AdornmentID="Name" Location="0,16" Extent="119,16"/>
		</classsymbol>
		<classsymbol ShapeID="270" InstanceName="tokeniserSGram2" PresetEditInplace="False" Location="320,852" Extent="146,32">
			<references>
				<codemodelref Options="[sroSelectable,sroFixed,sroFixedType]" EntityType="tyClass" ID="670" NamePath="TokeniserSGram2" IsHotLink="True"/>
			</references>
			<classsymbolname ShapeID="271" AdornmentID="Name" Location="0,16" Extent="118,16"/>
		</classsymbol>
		<generalization ShapeID="272" OrthoStyle="osTrue" PresetEditInplace="False" SourceSymbol="270" TargetSymbol="268">
			<associationname ShapeID="273" AdornmentID="Name" Location="0,-12"/>
		</generalization>
		<classsymbol ShapeID="274" InstanceName="tokeniserQGram2Extended" PresetEditInplace="False" Location="100,982" Extent="198,32">
			<references>
				<codemodelref Options="[sroSelectable,sroFixed,sroFixedType]" EntityType="tyClass" ID="678" NamePath="TokeniserQGram2Extended" IsHotLink="True"/>
			</references>
			<classsymbolname ShapeID="275" AdornmentID="Name" Location="0,16" Extent="170,16"/>
		</classsymbol>
		<classsymbol ShapeID="276" InstanceName="tokeniserSGram2Extended" PresetEditInplace="False" Location="120,1084" Extent="197,32">
			<references>
				<codemodelref Options="[sroSelectable,sroFixed,sroFixedType]" EntityType="tyClass" ID="677" NamePath="TokeniserSGram2Extended" IsHotLink="True"/>
			</references>
			<classsymbolname ShapeID="277" AdornmentID="Name" Location="0,16" Extent="169,16"/>
		</classsymbol>
		<generalization ShapeID="278" OrthoStyle="osTrue" PresetEditInplace="False" SourceSymbol="276" TargetSymbol="274">
			<associationname ShapeID="279" AdornmentID="Name" Location="0,-12"/>
		</generalization>
	</classdiagram>
	<classdiagram ShapeID="280" DiagramID="7" DiagramName="QGram" PageFormat="pfA4" PageOrientation="poPortrait">
		<classsymbol ShapeID="281" InstanceName="abstractStringMetric" PresetEditInplace="False" Location="124,104" Extent="211,205">
			<references>
				<codemodelref Options="[sroSelectable,sroFixed,sroFixedType]" EntityType="tyClass" ID="26" NamePath="AbstractStringMetric" IsHotLink="True"/>
			</references>
			<classsymbolname ShapeID="282" AdornmentID="Name" Location="0,16" Extent="134,16"/>
		</classsymbol>
		<classsymbol ShapeID="283" InstanceName="qGramsDistance" PresetEditInplace="False" Location="124,428" Extent="211,205">
			<references>
				<codemodelref Options="[sroSelectable,sroFixed,sroFixedType]" EntityType="tyClass" ID="323" NamePath="QGramsDistance" IsHotLink="True"/>
			</references>
			<classsymbolname ShapeID="284" AdornmentID="Name" Location="0,16" Extent="110,16"/>
		</classsymbol>
		<generalization ShapeID="285" OrthoStyle="osTrue" PresetEditInplace="False" SourceSymbol="283" TargetSymbol="281">
			<associationname ShapeID="286" AdornmentID="Name"/>
		</generalization>
	</classdiagram>
	<classdiagram ShapeID="287" DiagramID="8" DiagramName="Token Based" PageFormat="pfA4" PageOrientation="poPortrait">
		<classsymbol ShapeID="288" InstanceName="abstractStringMetric" PresetEditInplace="False" Location="396,356" Extent="211,175">
			<references>
				<codemodelref Options="[sroSelectable,sroFixed,sroFixedType]" EntityType="tyClass" ID="26" NamePath="AbstractStringMetric" IsHotLink="True"/>
			</references>
			<classsymbolname ShapeID="289" AdornmentID="Name" Location="0,16" Extent="134,16"/>
		</classsymbol>
		<classsymbol ShapeID="290" InstanceName="blockDistance" PresetEditInplace="False" Location="116,104" Extent="211,160">
			<references>
				<codemodelref Options="[sroSelectable,sroFixed,sroFixedType]" EntityType="tyClass" ID="335" NamePath="BlockDistance" IsHotLink="True"/>
			</references>
			<classsymbolname ShapeID="291" AdornmentID="Name" Location="0,16" Extent="95,16"/>
		</classsymbol>
		<generalization ShapeID="292" OrthoStyle="osTrue" PresetEditInplace="False" SourceSymbol="290" TargetSymbol="288">
			<associationname ShapeID="293" AdornmentID="Name"/>
		</generalization>
		<classsymbol ShapeID="294" InstanceName="cosineSimilarity" PresetEditInplace="False" Location="108,356" Extent="211,160">
			<references>
				<codemodelref Options="[sroSelectable,sroFixed,sroFixedType]" EntityType="tyClass" ID="347" NamePath="CosineSimilarity" IsHotLink="True"/>
			</references>
			<classsymbolname ShapeID="295" AdornmentID="Name" Location="0,16" Extent="108,16"/>
		</classsymbol>
		<generalization ShapeID="296" OrthoStyle="osTrue" PresetEditInplace="False" SourceSymbol="294" TargetSymbol="288">
			<associationname ShapeID="297" AdornmentID="Name"/>
		</generalization>
		<classsymbol ShapeID="298" InstanceName="diceSimilarity" PresetEditInplace="False" Location="396,104" Extent="211,160">
			<references>
				<codemodelref Options="[sroSelectable,sroFixed,sroFixedType]" EntityType="tyClass" ID="359" NamePath="DiceSimilarity" IsHotLink="True"/>
			</references>
			<classsymbolname ShapeID="299" AdornmentID="Name" Location="0,16" Extent="92,16"/>
		</classsymbol>
		<generalization ShapeID="300" OrthoStyle="osTrue" PresetEditInplace="False" SourceSymbol="298" TargetSymbol="288">
			<associationname ShapeID="301" AdornmentID="Name"/>
		</generalization>
		<classsymbol ShapeID="302" InstanceName="euclideanDistance" PresetEditInplace="False" Location="686,612" Extent="211,175">
			<references>
				<codemodelref Options="[sroSelectable,sroFixed,sroFixedType]" EntityType="tyClass" ID="371" NamePath="EuclideanDistance" IsHotLink="True"/>
			</references>
			<classsymbolname ShapeID="303" AdornmentID="Name" Location="0,16" Extent="117,16"/>
		</classsymbol>
		<generalization ShapeID="304" OrthoStyle="osTrue" PresetEditInplace="False" SourceSymbol="302" TargetSymbol="288">
			<associationname ShapeID="305" AdornmentID="Name"/>
		</generalization>
		<classsymbol ShapeID="306" InstanceName="jaccardSimilarity" PresetEditInplace="False" Location="396,604" Extent="211,160">
			<references>
				<codemodelref Options="[sroSelectable,sroFixed,sroFixedType]" EntityType="tyClass" ID="384" NamePath="JaccardSimilarity" IsHotLink="True"/>
			</references>
			<classsymbolname ShapeID="307" AdornmentID="Name" Location="0,16" Extent="111,16"/>
		</classsymbol>
		<generalization ShapeID="308" OrthoStyle="osTrue" PresetEditInplace="False" SourceSymbol="306" TargetSymbol="288">
			<associationname ShapeID="309" AdornmentID="Name"/>
		</generalization>
		<classsymbol ShapeID="310" InstanceName="matchingCoefficient" PresetEditInplace="False" Location="108,600" Extent="211,160">
			<references>
				<codemodelref Options="[sroSelectable,sroFixed,sroFixedType]" EntityType="tyClass" ID="396" NamePath="MatchingCoefficient" IsHotLink="True"/>
			</references>
			<classsymbolname ShapeID="311" AdornmentID="Name" Location="0,16" Extent="128,16"/>
		</classsymbol>
		<generalization ShapeID="312" OrthoStyle="osTrue" PresetEditInplace="False" SourceSymbol="310" TargetSymbol="288">
			<associationname ShapeID="313" AdornmentID="Name"/>
		</generalization>
		<classsymbol ShapeID="314" InstanceName="mongeElkan" PresetEditInplace="False" Location="686,96" Extent="211,190">
			<references>
				<codemodelref Options="[sroSelectable,sroFixed,sroFixedType]" EntityType="tyClass" ID="408" NamePath="MongeElkan" IsHotLink="True"/>
			</references>
			<classsymbolname ShapeID="315" AdornmentID="Name" Location="0,16" Extent="85,16"/>
		</classsymbol>
		<generalization ShapeID="316" OrthoStyle="osTrue" PresetEditInplace="False" SourceSymbol="314" TargetSymbol="288" SourceAnchor="0,44" TargetAnchor="0,44">
			<associationname ShapeID="317" AdornmentID="Name"/>
		</generalization>
		<fieldassociation ShapeID="318" OrthoStyle="osTrue" PresetEditInplace="False" SourceSymbol="314" TargetSymbol="288" SourceAnchor="0,-44" TargetAnchor="0,-44">
			<references>
				<codemodelref Options="[sroSelectable,sroFixed,sroFixedType]" EntityType="tyMember" ID="411" NamePath="MongeElkan.internalStringMetric" MemberName="internalStringMetric" IsHotLink="True"/>
			</references>
			<associationname ShapeID="319" AdornmentID="Name" Extent="110,16"/>
		</fieldassociation>
		<classsymbol ShapeID="320" InstanceName="overlapCoefficient" PresetEditInplace="False" Location="686,356" Extent="211,160">
			<references>
				<codemodelref Options="[sroSelectable,sroFixed,sroFixedType]" EntityType="tyClass" ID="423" NamePath="OverlapCoefficient" IsHotLink="True"/>
			</references>
			<classsymbolname ShapeID="321" AdornmentID="Name" Location="0,16" Extent="120,16"/>
		</classsymbol>
		<generalization ShapeID="322" OrthoStyle="osTrue" PresetEditInplace="False" SourceSymbol="320" TargetSymbol="288">
			<associationname ShapeID="323" AdornmentID="Name"/>
		</generalization>
	</classdiagram>
	<classdiagram ShapeID="324" DiagramID="2" DiagramName="Tokenisers" PageFormat="pfA4" PageOrientation="poPortrait">
		<contentsstyle Collapsed="False"/>
		<classsymbol ShapeID="325" InstanceName="tokeniserQGram3" PresetEditInplace="False" Location="664,668" Extent="165,130">
			<references>
				<codemodelref Options="[sroSelectable,sroFixed,sroFixedType]" EntityType="tyClass" ID="500" NamePath="TokeniserQGram3" IsHotLink="True"/>
			</references>
			<classsymbolname ShapeID="326" AdornmentID="Name" Location="0,16" Extent="119,16"/>
		</classsymbol>
		<classsymbol ShapeID="327" InstanceName="tokeniserWhitespace" PresetEditInplace="False" Location="340,88" Extent="178,160">
			<references>
				<codemodelref Options="[sroSelectable,sroFixed,sroFixedType]" EntityType="tyClass" ID="528" NamePath="TokeniserWhitespace" IsHotLink="True"/>
			</references>
			<classsymbolname ShapeID="328" AdornmentID="Name" Location="0,16" Extent="139,16"/>
		</classsymbol>
		<classsymbol ShapeID="329" InstanceName="Tokeniser" PresetEditInplace="False" Location="564,364" Extent="162,145">
			<references>
				<codemodelref Options="[sroSelectable,sroFixed,sroFixedType]" EntityType="tyClass" ID="84" NamePath="ITokeniser" IsHotLink="True"/>
			</references>
			<classsymbolname ShapeID="330" AdornmentID="Name" Location="0,16" Extent="78,28"/>
		</classsymbol>
		<realizationrelation ShapeID="331" OrthoStyle="osTrue" PresetEditInplace="False" SourceSymbol="327" TargetSymbol="329"/>
		<classsymbol ShapeID="332" InstanceName="TermHandler" PresetEditInplace="False" Location="156,364" Extent="152,160">
			<references>
				<codemodelref Options="[sroSelectable,sroFixed,sroFixedType]" EntityType="tyClass" ID="73" NamePath="ITermHandler" IsHotLink="True"/>
			</references>
			<classsymbolname ShapeID="333" AdornmentID="Name" Location="0,16" Extent="93,28"/>
		</classsymbol>
		<propertyassociation ShapeID="334" OrthoStyle="osTrue" PresetEditInplace="False" SourceSymbol="327" TargetSymbol="332">
			<references>
				<codemodelref Options="[sroSelectable,sroFixed,sroFixedType]" EntityType="tyMember" ID="538" NamePath="TokeniserWhitespace.StopWordHandler" MemberName="StopWordHandler" IsHotLink="True"/>
			</references>
			<associationname ShapeID="335" AdornmentID="Name" Extent="103,16"/>
			<endpointtext ShapeID="336" AdornmentID="SrcMultiplicity" Location="10,10" Extent="6,14"/>
			<endpointtext ShapeID="337" AdornmentID="TgtMultiplicity" Location="4,-9" Extent="4,14"/>
		</propertyassociation>
		<propertyassociation ShapeID="338" OrthoStyle="osTrue" PresetEditInplace="False" SourceSymbol="329" TargetSymbol="332">
			<references>
				<codemodelref Options="[sroSelectable,sroFixed,sroFixedType]" EntityType="tyMember" ID="91" NamePath="ITokeniser.StopWordHandler" MemberName="StopWordHandler" IsHotLink="True"/>
			</references>
			<associationname ShapeID="339" AdornmentID="Name" Location="-1,-12" Extent="103,16"/>
			<endpointtext ShapeID="340" AdornmentID="SrcMultiplicity" Location="-5,9" Extent="6,14"/>
			<endpointtext ShapeID="341" AdornmentID="TgtMultiplicity" Location="10,10" Extent="4,14"/>
		</propertyassociation>
		<classsymbol ShapeID="342" InstanceName="abstractTokeniserQGramN" PresetEditInplace="False" Location="664,504" Extent="195,32">
			<references>
				<codemodelref Options="[sroSelectable,sroFixed,sroFixedType]" EntityType="tyClass" ID="636" NamePath="AbstractTokeniserQGramN" IsHotLink="True"/>
			</references>
			<classsymbolname ShapeID="343" AdornmentID="Name" Location="0,16" Extent="167,16"/>
		</classsymbol>
		<generalization ShapeID="344" OrthoStyle="osTrue" PresetEditInplace="False" SourceSymbol="325" TargetSymbol="342">
			<associationname ShapeID="345" AdornmentID="Name" Location="0,-12"/>
		</generalization>
		<classsymbol ShapeID="346" InstanceName="tokeniserSGram3Extended" PresetEditInplace="False" Location="664,1063" Extent="197,115">
			<references>
				<codemodelref Options="[sroSelectable,sroFixed,sroFixedType]" EntityType="tyClass" ID="690" NamePath="TokeniserSGram3Extended" IsHotLink="True"/>
			</references>
			<classsymbolname ShapeID="347" AdornmentID="Name" Location="0,16" Extent="169,16"/>
		</classsymbol>
		<classsymbol ShapeID="348" InstanceName="tokeniserQGram3Extended" PresetEditInplace="False" Location="664,884" Extent="198,115">
			<references>
				<codemodelref Options="[sroSelectable,sroFixed,sroFixedType]" EntityType="tyClass" ID="513" NamePath="TokeniserQGram3Extended" IsHotLink="True"/>
			</references>
			<classsymbolname ShapeID="349" AdornmentID="Name" Location="0,16" Extent="170,16"/>
		</classsymbol>
		<generalization ShapeID="350" OrthoStyle="osTrue" PresetEditInplace="False" SourceSymbol="348" TargetSymbol="325">
			<associationname ShapeID="351" AdornmentID="Name" Location="0,-12"/>
		</generalization>
		<generalization ShapeID="352" OrthoStyle="osTrue" PresetEditInplace="False" SourceSymbol="346" TargetSymbol="348">
			<associationname ShapeID="353" AdornmentID="Name" Location="0,-12"/>
		</generalization>
		<classsymbol ShapeID="354" InstanceName="tokeniserSGram3" PresetEditInplace="False" Location="348,1063" Extent="165,115">
			<references>
				<codemodelref Options="[sroSelectable,sroFixed,sroFixedType]" EntityType="tyClass" ID="684" NamePath="TokeniserSGram3" IsHotLink="True"/>
			</references>
			<classsymbolname ShapeID="355" AdornmentID="Name" Location="0,16" Extent="118,16"/>
		</classsymbol>
		<generalization ShapeID="356" OrthoStyle="osTrue" PresetEditInplace="False" SourceSymbol="354" TargetSymbol="325">
			<associationname ShapeID="357" AdornmentID="Name" Location="0,-12"/>
		</generalization>
		<classsymbol ShapeID="358" InstanceName="tokeniserSGram2" PresetEditInplace="False" Location="128,796" Extent="165,115">
			<references>
				<codemodelref Options="[sroSelectable,sroFixed,sroFixedType]" EntityType="tyClass" ID="670" NamePath="TokeniserSGram2" IsHotLink="True"/>
			</references>
			<classsymbolname ShapeID="359" AdornmentID="Name" Location="0,16" Extent="118,16"/>
		</classsymbol>
		<classsymbol ShapeID="360" InstanceName="tokeniserSGram2Extended" PresetEditInplace="False" Location="404,748" Extent="197,115">
			<references>
				<codemodelref Options="[sroSelectable,sroFixed,sroFixedType]" EntityType="tyClass" ID="677" NamePath="TokeniserSGram2Extended" IsHotLink="True"/>
			</references>
			<classsymbolname ShapeID="361" AdornmentID="Name" Location="0,16" Extent="169,16"/>
		</classsymbol>
		<classsymbol ShapeID="362" InstanceName="tokeniserQGram2" PresetEditInplace="False" Location="128,620" Extent="147,32">
			<references>
				<codemodelref Options="[sroSelectable,sroFixed,sroFixedType]" EntityType="tyClass" ID="671" NamePath="TokeniserQGram2" IsHotLink="True"/>
			</references>
			<classsymbolname ShapeID="363" AdornmentID="Name" Location="0,16" Extent="119,16"/>
		</classsymbol>
		<generalization ShapeID="364" OrthoStyle="osTrue" PresetEditInplace="False" SourceSymbol="362" TargetSymbol="342">
			<associationname ShapeID="365" AdornmentID="Name" Location="0,-12"/>
		</generalization>
		<generalization ShapeID="366" OrthoStyle="osTrue" PresetEditInplace="False" SourceSymbol="358" TargetSymbol="362">
			<associationname ShapeID="367" AdornmentID="Name" Location="0,-12"/>
		</generalization>
		<classsymbol ShapeID="368" InstanceName="tokeniserQGram2Extended" PresetEditInplace="False" Location="404,616" Extent="198,32">
			<references>
				<codemodelref Options="[sroSelectable,sroFixed,sroFixedType]" EntityType="tyClass" ID="678" NamePath="TokeniserQGram2Extended" IsHotLink="True"/>
			</references>
			<classsymbolname ShapeID="369" AdornmentID="Name" Location="0,16" Extent="170,16"/>
		</classsymbol>
		<generalization ShapeID="370" OrthoStyle="osTrue" PresetEditInplace="False" SourceSymbol="368" TargetSymbol="342">
			<associationname ShapeID="371" AdornmentID="Name" Location="0,-12"/>
		</generalization>
		<generalization ShapeID="372" OrthoStyle="osTrue" PresetEditInplace="False" SourceSymbol="360" TargetSymbol="368">
			<associationname ShapeID="373" AdornmentID="Name" Location="0,-12"/>
		</generalization>
	</classdiagram>
</modelmakerdiagrams>
